lanupro_ontology	index	sample_id	sample_type	sample_date	unit	sample_form	sample_location	sample_information	origin	available_from	info_file	protocol	storage	gc_method	info	batch	cas_nr	company	arrival_date	ref_nr	drymatter_g_per_kg	ash_g_per_kg_dm	crude_fibre_g_per_kg_dm	crude_protein_g_per_kg_dm	crude_fat_g_per_kg_dm	adf_g_per_kg_dm	ndf_g_per_kg_dm	starch_g_per_kg_dm	sugar_g_per_kg_dm	test_variable
type	numeric	identifier	factor	date	factor	factor	factor	string	string	string	string	factor	factor	factor	string	string	string	string	date	string	numeric	numeric	numeric	numeric	numeric	numeric	numeric	numeric	numeric	factor
deprecated_names	#	sample_ID	none	Sample Date	none	Sample form, sample form	none	none	none	available from	Link info substrates	Protocol	Storage	GC method	none	none	none	none	none	none	drymatter_g_kg, dm_g_per_kg, DM proposition %	ash_g_kgdm	crude_fibre_g_kgdm	crude_protein_g_kgdm, cp_g_per_kg_dm, CP (g/kg DM)	crude_fat_g_kgdm, cfa_g_per_kg_dm, CFa (g/kg DM)	adf_g_kgdm	NDF_g_kgdm, ndf_g_kgdm, NDF (g/kg DM)	starch_g_kgdm, Sta (g/kg DM)	Sug (g/kg DM)	none
description	index numbering of the rows	sample_id: <s>_<project acronym and last 2 digits of the year>_<experiment number>_<3 digits sample number>	type of sample	date of sampling format <dd/mm/yyyy>	variable unit	in which form the sample is stored before analysis	NA	NA	origin (supplier or location) of the sample	year (or date) from which the sample is available	name of the file with additional information on the sample	lab protocol	storage place of the sample	protocol of gas chromatography	general non-structured information	batch number of the product	CAS registry number of the compound	company that supplied the product	If the exact date not known 1/1 is put	reference (article) number of the product at the supplier	dry matter content (g per kg fresh matter)	ash content (g per kg dry matter)	crude fibre content (g per kg dry matter)	crude protein content (g per kg dry matter)	crude fat content (g per kg dry matter)	acid detergent fibre (ADF) content (g per kg dry matter)	neutral detergent fibre (NDF) content (g per kg dry matter)	starch content (g per kg dry matter)	sugar content (g per kg dry matter)	NA
default_unit	none	none	none	none	none	none	none	none	none	none	none	none	none	none	none	none	none	none	none	none	g_per_kg	g_per_kg_dm	g_per_kg_dm	g_per_kg_dm	g_per_kg_dm	g_per_kg_dm	g_per_kg_dm	g_per_kg_dm	g_per_kg_dm	none
fixed_levels	-	-	yes	-	yes	yes	no	-	-	-	-	yes	yes	yes	-	-	-	-	-	-	-	-	-	-	-	-	-	-	-	no
level_01	-	-	milk	-	none	dry	-	-	-	-	-	cm_methyl_2	unknown_location	long_1_25	-	-	-	-	-	-	-	-	-	-	-	-	-	-	-	test_level
level_02	-	-	colostrum	-	g_per_100_g_fatty_acids	extract	-	-	-	-	-	adf_dry_lignin_1	minus_80c	long_1_30	-	-	-	-	-	-	-	-	-	-	-	-	-	-	-	-
level_03	-	-	blood_whole	-	mmol_per_l_serum	fresh	-	-	-	-	-	apple_ppo_3	fridge_incub_lab	long_1_50	-	-	-	-	-	-	-	-	-	-	-	-	-	-	-	-
level_04	-	-	blood_serum	-	umol_per_l_serum	frozen	-	-	-	-	-	cm_sep_spe_2	freezer_incub_lab	short_05_100	-	-	-	-	-	-	-	-	-	-	-	-	-	-	-	-
level_05	-	-	blood_plasma	-	-	lyo	-	-	-	-	-	cm_sep_tlc_1	fridge_chem_lab	short_05_50	-	-	-	-	-	-	-	-	-	-	-	-	-	-	-	-
level_06	-	-	meat_minced	-	-	autoclaved	-	-	-	-	-	fat_methyl_1	freezer_chem_lab	short_07_75	-	-	-	-	-	-	-	-	-	-	-	-	-	-	-	-
level_07	-	-	meat_steak	-	-	-	-	-	-	-	-	feed_dry_adf_1	fridge_basement	short_1_100	-	-	-	-	-	-	-	-	-	-	-	-	-	-	-	-
level_08	-	-	faeces	-	-	-	-	-	-	-	-	feed_dry_crudefiber_1	freezer_basement	short_1_25	-	-	-	-	-	-	-	-	-	-	-	-	-	-	-	-
level_09	-	-	rumen_fluid	-	-	-	-	-	-	-	-	feed_dry_extract_1	rt_incub_lab	short_1_50	-	-	-	-	-	-	-	-	-	-	-	-	-	-	-	-
level_10	-	-	apple	-	-	-	-	-	-	-	-	feed_dry_fat_1	rt_chem_lab	short_2_25	-	-	-	-	-	-	-	-	-	-	-	-	-	-	-	-
level_11	-	-	bacteria	-	-	-	-	-	-	-	-	feed_dry_n_1	not_stored	vfa_dmso	-	-	-	-	-	-	-	-	-	-	-	-	-	-	-	-
level_12	-	-	blood	-	-	-	-	-	-	-	-	feed_dry_ndf_1	-	vfa_glycerol	-	-	-	-	-	-	-	-	-	-	-	-	-	-	-	-
level_13	-	-	duodenum	-	-	-	-	-	-	-	-	feed_fresh_dm_and_ash_1	-	vfa_oct22	-	-	-	-	-	-	-	-	-	-	-	-	-	-	-	-
level_14	-	-	emulsion	-	-	-	-	-	-	-	-	feed_fresh_extract_1	-	vfa_sept12	-	-	-	-	-	-	-	-	-	-	-	-	-	-	-	-
level_15	-	-	forage	-	-	-	-	-	-	-	-	feed_laca_1	-	-	-	-	-	-	-	-	-	-	-	-	-	-	-	-	-	-
level_16	-	-	in_vitro_abomasum_small_intestine	-	-	-	-	-	-	-	-	feed_lyo_dt_1	-	-	-	-	-	-	-	-	-	-	-	-	-	-	-	-	-	-
level_17	-	-	in_vitro_rumen	-	-	-	-	-	-	-	-	feed_vfa_and_eba_1	-	-	-	-	-	-	-	-	-	-	-	-	-	-	-	-	-	-
level_18	-	-	oil	-	-	-	-	-	-	-	-	feed_vfa_minus_eba_1	-	-	-	-	-	-	-	-	-	-	-	-	-	-	-	-	-	-
level_19	-	-	omasal	-	-	-	-	-	-	-	-	milk_fresh_extract_2	-	-	-	-	-	-	-	-	-	-	-	-	-	-	-	-	-	-
level_20	-	-	products	-	-	-	-	-	-	-	-	milk_fresh_extract_3	-	-	-	-	-	-	-	-	-	-	-	-	-	-	-	-	-	-
level_21	-	-	rumen	-	-	-	-	-	-	-	-	milk_fresh_extract_4	-	-	-	-	-	-	-	-	-	-	-	-	-	-	-	-	-	-
level_22	-	-	sab	-	-	-	-	-	-	-	-	milk_lyo_extract_1	-	-	-	-	-	-	-	-	-	-	-	-	-	-	-	-	-	-
level_23	-	-	soil	-	-	-	-	-	-	-	-	milk_methyl_1	-	-	-	-	-	-	-	-	-	-	-	-	-	-	-	-	-	-
level_24	-	-	soluble_crude_protein	-	-	-	-	-	-	-	-	milk_methyl_2	-	-	-	-	-	-	-	-	-	-	-	-	-	-	-	-	-	-
level_25	-	-	standard	-	-	-	-	-	-	-	-	oil_tba_1	-	-	-	-	-	-	-	-	-	-	-	-	-	-	-	-	-	-
level_26	-	-	water	-	-	-	-	-	-	-	-	plasma_fresh_dt_1	-	-	-	-	-	-	-	-	-	-	-	-	-	-	-	-	-	-
level_27	-	-	brewers_grain	-	-	-	-	-	-	-	-	plasma_fresh_extract_1	-	-	-	-	-	-	-	-	-	-	-	-	-	-	-	-	-	-
level_28	-	-	maize_meal	-	-	-	-	-	-	-	-	plasma_sep_spe_1	-	-	-	-	-	-	-	-	-	-	-	-	-	-	-	-	-	-
level_29	-	-	seafeed	-	-	-	-	-	-	-	-	protein_extract_1	-	-	-	-	-	-	-	-	-	-	-	-	-	-	-	-	-	-
level_30	-	-	grass_silage	-	-	-	-	-	-	-	-	rumen_fresh_extract_1	-	-	-	-	-	-	-	-	-	-	-	-	-	-	-	-	-	-
level_31	-	-	maize_silage	-	-	-	-	-	-	-	-	rumen_fresh_extract_2	-	-	-	-	-	-	-	-	-	-	-	-	-	-	-	-	-	-
level_32	-	-	straw	-	-	-	-	-	-	-	-	rumen_fresh_extract_3	-	-	-	-	-	-	-	-	-	-	-	-	-	-	-	-	-	-
level_33	-	-	soybean_meal	-	-	-	-	-	-	-	-	rumen_lyo_dt_1	-	-	-	-	-	-	-	-	-	-	-	-	-	-	-	-	-	-
level_34	-	-	concentrate	-	-	-	-	-	-	-	-	rumen_lyo_dt_2	-	-	-	-	-	-	-	-	-	-	-	-	-	-	-	-	-	-
level_35	-	-	concentrate_mixture	-	-	-	-	-	-	-	-	rumen_nh3_n_1	-	-	-	-	-	-	-	-	-	-	-	-	-	-	-	-	-	-
level_36	-	-	-	-	-	-	-	-	-	-	-	rumen_vfa_1	-	-	-	-	-	-	-	-	-	-	-	-	-	-	-	-	-	-
level_37	-	-	-	-	-	-	-	-	-	-	-	urine_allantoin_1	-	-	-	-	-	-	-	-	-	-	-	-	-	-	-	-	-	-
level_38	-	-	-	-	-	-	-	-	-	-	-	-	-	-	-	-	-	-	-	-	-	-	-	-	-	-	-	-	-	-
level_39	-	-	-	-	-	-	-	-	-	-	-	-	-	-	-	-	-	-	-	-	-	-	-	-	-	-	-	-	-	-
level_40	-	-	-	-	-	-	-	-	-	-	-	-	-	-	-	-	-	-	-	-	-	-	-	-	-	-	-	-	-	-
level_41	-	-	-	-	-	-	-	-	-	-	-	-	-	-	-	-	-	-	-	-	-	-	-	-	-	-	-	-	-	-
level_42	-	-	-	-	-	-	-	-	-	-	-	-	-	-	-	-	-	-	-	-	-	-	-	-	-	-	-	-	-	-
level_43	-	-	-	-	-	-	-	-	-	-	-	-	-	-	-	-	-	-	-	-	-	-	-	-	-	-	-	-	-	-
level_44	-	-	-	-	-	-	-	-	-	-	-	-	-	-	-	-	-	-	-	-	-	-	-	-	-	-	-	-	-	-
level_45	-	-	-	-	-	-	-	-	-	-	-	-	-	-	-	-	-	-	-	-	-	-	-	-	-	-	-	-	-	-
level_46	-	-	-	-	-	-	-	-	-	-	-	-	-	-	-	-	-	-	-	-	-	-	-	-	-	-	-	-	-	-
level_47	-	-	-	-	-	-	-	-	-	-	-	-	-	-	-	-	-	-	-	-	-	-	-	-	-	-	-	-	-	-
level_48	-	-	-	-	-	-	-	-	-	-	-	-	-	-	-	-	-	-	-	-	-	-	-	-	-	-	-	-	-	-
level_49	-	-	-	-	-	-	-	-	-	-	-	-	-	-	-	-	-	-	-	-	-	-	-	-	-	-	-	-	-	-
level_50	-	-	-	-	-	-	-	-	-	-	-	-	-	-	-	-	-	-	-	-	-	-	-	-	-	-	-	-	-	-
level_51	-	-	-	-	-	-	-	-	-	-	-	-	-	-	-	-	-	-	-	-	-	-	-	-	-	-	-	-	-	-
level_52	-	-	-	-	-	-	-	-	-	-	-	-	-	-	-	-	-	-	-	-	-	-	-	-	-	-	-	-	-	-
level_53	-	-	-	-	-	-	-	-	-	-	-	-	-	-	-	-	-	-	-	-	-	-	-	-	-	-	-	-	-	-
level_54	-	-	-	-	-	-	-	-	-	-	-	-	-	-	-	-	-	-	-	-	-	-	-	-	-	-	-	-	-	-
level_55	-	-	-	-	-	-	-	-	-	-	-	-	-	-	-	-	-	-	-	-	-	-	-	-	-	-	-	-	-	-
level_56	-	-	-	-	-	-	-	-	-	-	-	-	-	-	-	-	-	-	-	-	-	-	-	-	-	-	-	-	-	-
level_57	-	-	-	-	-	-	-	-	-	-	-	-	-	-	-	-	-	-	-	-	-	-	-	-	-	-	-	-	-	-
level_58	-	-	-	-	-	-	-	-	-	-	-	-	-	-	-	-	-	-	-	-	-	-	-	-	-	-	-	-	-	-
level_59	-	-	-	-	-	-	-	-	-	-	-	-	-	-	-	-	-	-	-	-	-	-	-	-	-	-	-	-	-	-
level_60	-	-	-	-	-	-	-	-	-	-	-	-	-	-	-	-	-	-	-	-	-	-	-	-	-	-	-	-	-	-
level_61	-	-	-	-	-	-	-	-	-	-	-	-	-	-	-	-	-	-	-	-	-	-	-	-	-	-	-	-	-	-
level_62	-	-	-	-	-	-	-	-	-	-	-	-	-	-	-	-	-	-	-	-	-	-	-	-	-	-	-	-	-	-
level_63	-	-	-	-	-	-	-	-	-	-	-	-	-	-	-	-	-	-	-	-	-	-	-	-	-	-	-	-	-	-
level_64	-	-	-	-	-	-	-	-	-	-	-	-	-	-	-	-	-	-	-	-	-	-	-	-	-	-	-	-	-	-
level_65	-	-	-	-	-	-	-	-	-	-	-	-	-	-	-	-	-	-	-	-	-	-	-	-	-	-	-	-	-	-
level_66	-	-	-	-	-	-	-	-	-	-	-	-	-	-	-	-	-	-	-	-	-	-	-	-	-	-	-	-	-	-
level_67	-	-	-	-	-	-	-	-	-	-	-	-	-	-	-	-	-	-	-	-	-	-	-	-	-	-	-	-	-	-
level_68	-	-	-	-	-	-	-	-	-	-	-	-	-	-	-	-	-	-	-	-	-	-	-	-	-	-	-	-	-	-
level_69	-	-	-	-	-	-	-	-	-	-	-	-	-	-	-	-	-	-	-	-	-	-	-	-	-	-	-	-	-	-
level_70	-	-	-	-	-	-	-	-	-	-	-	-	-	-	-	-	-	-	-	-	-	-	-	-	-	-	-	-	-	-
level_71	-	-	-	-	-	-	-	-	-	-	-	-	-	-	-	-	-	-	-	-	-	-	-	-	-	-	-	-	-	-
level_72	-	-	-	-	-	-	-	-	-	-	-	-	-	-	-	-	-	-	-	-	-	-	-	-	-	-	-	-	-	-
level_73	-	-	-	-	-	-	-	-	-	-	-	-	-	-	-	-	-	-	-	-	-	-	-	-	-	-	-	-	-	-
level_74	-	-	-	-	-	-	-	-	-	-	-	-	-	-	-	-	-	-	-	-	-	-	-	-	-	-	-	-	-	-
level_75	-	-	-	-	-	-	-	-	-	-	-	-	-	-	-	-	-	-	-	-	-	-	-	-	-	-	-	-	-	-
level_76	-	-	-	-	-	-	-	-	-	-	-	-	-	-	-	-	-	-	-	-	-	-	-	-	-	-	-	-	-	-
level_77	-	-	-	-	-	-	-	-	-	-	-	-	-	-	-	-	-	-	-	-	-	-	-	-	-	-	-	-	-	-
level_78	-	-	-	-	-	-	-	-	-	-	-	-	-	-	-	-	-	-	-	-	-	-	-	-	-	-	-	-	-	-
level_79	-	-	-	-	-	-	-	-	-	-	-	-	-	-	-	-	-	-	-	-	-	-	-	-	-	-	-	-	-	-
level_80	-	-	-	-	-	-	-	-	-	-	-	-	-	-	-	-	-	-	-	-	-	-	-	-	-	-	-	-	-	-
level_81	-	-	-	-	-	-	-	-	-	-	-	-	-	-	-	-	-	-	-	-	-	-	-	-	-	-	-	-	-	-
level_82	-	-	-	-	-	-	-	-	-	-	-	-	-	-	-	-	-	-	-	-	-	-	-	-	-	-	-	-	-	-
level_83	-	-	-	-	-	-	-	-	-	-	-	-	-	-	-	-	-	-	-	-	-	-	-	-	-	-	-	-	-	-
level_84	-	-	-	-	-	-	-	-	-	-	-	-	-	-	-	-	-	-	-	-	-	-	-	-	-	-	-	-	-	-
level_85	-	-	-	-	-	-	-	-	-	-	-	-	-	-	-	-	-	-	-	-	-	-	-	-	-	-	-	-	-	-
level_86	-	-	-	-	-	-	-	-	-	-	-	-	-	-	-	-	-	-	-	-	-	-	-	-	-	-	-	-	-	-
level_87	-	-	-	-	-	-	-	-	-	-	-	-	-	-	-	-	-	-	-	-	-	-	-	-	-	-	-	-	-	-
level_88	-	-	-	-	-	-	-	-	-	-	-	-	-	-	-	-	-	-	-	-	-	-	-	-	-	-	-	-	-	-
level_89	-	-	-	-	-	-	-	-	-	-	-	-	-	-	-	-	-	-	-	-	-	-	-	-	-	-	-	-	-	-
level_90	-	-	-	-	-	-	-	-	-	-	-	-	-	-	-	-	-	-	-	-	-	-	-	-	-	-	-	-	-	-
level_91	-	-	-	-	-	-	-	-	-	-	-	-	-	-	-	-	-	-	-	-	-	-	-	-	-	-	-	-	-	-
level_92	-	-	-	-	-	-	-	-	-	-	-	-	-	-	-	-	-	-	-	-	-	-	-	-	-	-	-	-	-	-
level_93	-	-	-	-	-	-	-	-	-	-	-	-	-	-	-	-	-	-	-	-	-	-	-	-	-	-	-	-	-	-
level_94	-	-	-	-	-	-	-	-	-	-	-	-	-	-	-	-	-	-	-	-	-	-	-	-	-	-	-	-	-	-
level_95	-	-	-	-	-	-	-	-	-	-	-	-	-	-	-	-	-	-	-	-	-	-	-	-	-	-	-	-	-	-
level_96	-	-	-	-	-	-	-	-	-	-	-	-	-	-	-	-	-	-	-	-	-	-	-	-	-	-	-	-	-	-
level_97	-	-	-	-	-	-	-	-	-	-	-	-	-	-	-	-	-	-	-	-	-	-	-	-	-	-	-	-	-	-
level_98	-	-	-	-	-	-	-	-	-	-	-	-	-	-	-	-	-	-	-	-	-	-	-	-	-	-	-	-	-	-
level_99	-	-	-	-	-	-	-	-	-	-	-	-	-	-	-	-	-	-	-	-	-	-	-	-	-	-	-	-	-	-
level_100	-	-	-	-	-	-	-	-	-	-	-	-	-	-	-	-	-	-	-	-	-	-	-	-	-	-	-	-	-	-
